codigo,nombre,categoria,pendientes
1089827,Spirute.NATURELA.curcumax10und,Infusiones y tés,sin precio empresa
1077744,Spirute NATURELA surtidoVRCx20und,Infusiones y tés,sin ingredientes
1065842,Aceite HAKA Eucalipto 48 uds x 10 ml,Aceites Esenciales,sin ingredientes
2020873,Agua Linos Lavanda HAKA 48udsx200ml,Aceites Esenciales,sin ingredientes
2020875,Agua Linos Bergamota HAKA 48udsx200ml,Aceites Esenciales,sin ingredientes
2020874,Agua Linos Eucalipto HAKA 48udsx200ml,Aceites Esenciales,sin ingredientes
2025071,Crema Piernas HAKA Centella 8udsx200ml,Cremas Corporales,sin ingredientes
2038964,Arom. TOSH Ligero 24g 20sob 20un,Aromáticas e Infusiones,sin foto tabla nutricional
2030246,Infusion TOSH Serenidad 20sob 20und,Aromáticas e Infusiones,sin foto tabla nutricional
2031417,Arom. TOSH Calma 20sob 24g 20un,Aromáticas e Infusiones,sin foto tabla nutricional
2031414,Arom.TOSH ManzaLimonJengi 20sob22g20un,Aromáticas e Infusiones,sin foto tabla nutricional
2039219,Te. TOSH VerdeHierbabuena 24g 20sob 20un,Aromáticas e Infusiones,sin foto tabla nutricional
2026757,Te. Tosh Te Verde Flor de Jamaica 20sob 20un,Aromáticas e Infusiones,sin foto tabla nutricional
2031244,Infu. TOSH Frutos Rojos 20sob 24g 20un,Aromáticas e Infusiones,sin foto tabla nutricional
1060184,Cer. TOSH ArtAvenaPasa 16Dp x300gr,Cereales,sin ingredientes
1060185,Cer. TOSH ArtSemillasChia 16Dp x300gr,Cereales,sin ingredientes
1064075,Cer. TOSH FrutosRojos 20bolx300g,Cereales,sin ingredientes
2034603,Cer. TOSH Pina Coco 16dpck x300g Col,Cereales,sin ingredientes
1041647,Premez. TOSH Pancakes12unx300g,Cereales,sin precio empresa; sin ingredientes; sin foto tabla nutricional
2042651,Quinua en Hojuelas TOSH x 200g,Semillas y granos,sin ingredientes
2042652,Quinua en Grano TOSH x 250g,Semillas y granos,sin ingredientes
2042648,Linaza Molida TOSH x 250g,Semillas y granos,sin ingredientes
2042649,Chia en Grano TOSH x 250g,Semillas y granos,sin ingredientes
2017237,Ajo en Polvo BADIA 85.05g x 8 UND,Especias,sin foto tabla nutricional
2017251,Pimienta cayena rj BADIA 49.5g x 8UND,Especias,sin foto tabla nutricional
2017451,Cúrcuma orgánica BADIA 56.7g x 8UND,Especias,sin foto tabla nutricional
2017450,Canela plvo org BADIA 56.7g x 8UND,Especias,sin foto tabla nutricional
2017277,Pimienta rj escam BADIA 127.6g x 12UND,Especias,sin foto tabla nutricional
2017262,Pimienta Neg Molino BADIA 63.8g x 8UND,Especias,sin foto tabla nutricional
2012154,SAL ROSADA HIMALAYA BADIA 127.5gr,Sales,sin foto tabla nutricional
2036554,SAL ROSADA HIMALAYA BADIA x226.8 gr,Sales,sin foto tabla nutricional
2017383,Sazon completa BADIA 793.8g x 6 UND,Sazonador,sin foto tabla nutricional
2017232,Sazon completa BADIA 99.2 gr x 8 und,Sazonador,sin foto tabla nutricional
2006351,Tornillos DORIA Sin Gluten x 250g,Pastas Secas,sin precio publico
1080268,Spaghetti MONTICELLO Integral x 500g,Pastas Secas,sin ingredientes
1080269,Monticello Penne Rigate Integral x 500 g,Pastas secas,sin ingredientes
